Ticker,Per,Date,Time,Open,High,Low,Close,Vol
US2.AAPL,1,20170301,09:31:00,137.8900000,138.0000000,137.8800000,137.9500000,12370
US2.AAPL,1,20170301,09:32:00,137.9500000,137.9800000,137.8800000,137.9600000,8738
US2.AAPL,1,20170301,09:33:00,137.9600000,137.9600000,137.7200000,137.8100000,5005
US2.AAPL,1,20170301,09:34:00,137.8400000,137.9700000,137.8300000,137.8700000,7138
US2.AAPL,1,20170301,09:35:00,137.8800000,137.8800000,137.7900000,137.8300000,9587
US2.AAPL,1,20170301,09:36:00,137.8200000,137.8300000,137.6100000,137.6100000,11351
US2.AAPL,1,20170301,09:37:00,137.6200000,137.8100000,137.6200000,137.8100000,20833
US2.AAPL,1,20170301,09:38:00,137.8150000,137.8300000,137.7000000,137.7900000,9387
US2.AAPL,1,20170301,09:39:00,137.7700000,137.8000000,137.7400000,137.7400000,6230
US2.AAPL,1,20170301,09:40:00,137.7500000,137.8000000,137.7300000,137.7800000,7921
US2.AAPL,1,20170301,09:41:00,137.7700000,137.7700000,137.6800000,137.6800000,6977
US2.AAPL,1,20170301,09:42:00,137.7000000,137.7600000,137.7000000,137.7300000,5059
US2.AAPL,1,20170301,09:43:00,137.7400000,137.9000000,137.7400000,137.9000000,7739
US2.AAPL,1,20170301,09:44:00,137.8900000,137.8900000,137.8450000,137.8500000,3516
US2.AAPL,1,20170301,09:45:00,137.8500000,137.9700000,137.8500000,137.9400000,13831
US2.AAPL,1,20170301,09:46:00,137.9400000,137.9600000,137.9200000,137.9550000,7243
US2.AAPL,1,20170301,09:47:00,137.9700000,138.0000000,137.8600000,137.8800000,13691
US2.AAPL,1,20170301,09:48:00,137.8900000,138.0600000,137.8900000,138.0400000,13113
US2.AAPL,1,20170301,09:49:00,138.0450000,138.2200000,138.0200000,138.2200000,13578
US2.AAPL,1,20170301,09:50:00,138.2150000,138.2500000,138.1950000,138.1950000,5475
US2.AAPL,1,20170301,09:51:00,138.1950000,138.3000000,138.1850000,138.2600000,26363
US2.AAPL,1,20170301,09:52:00,138.2400000,138.2400000,138.1200000,138.1400000,7317
US2.AAPL,1,20170301,09:53:00,138.1400000,138.1400000,138.0600000,138.0900000,7298
US2.AAPL,1,20170301,09:54:00,138.0500000,138.1000000,138.0300000,138.0900000,9986
US2.AAPL,1,20170301,09:55:00,138.1000000,138.1600000,138.0900000,138.1000000,7235
US2.AAPL,1,20170301,09:56:00,138.1100000,138.1400000,138.0800000,138.1400000,4915
US2.AAPL,1,20170301,09:57:00,138.1400000,138.1850000,138.1200000,138.1200000,7088
US2.AAPL,1,20170301,09:58:00,138.1500000,138.1800000,138.1300000,138.1500000,7037
US2.AAPL,1,20170301,09:59:00,138.1500000,138.1600000,138.1200000,138.1300000,2700
US2.AAPL,1,20170301,10:00:00,138.1200000,138.1500000,138.1100000,138.1400000,4442
US2.AAPL,1,20170301,10:01:00,138.1700000,138.2100000,138.1400000,138.1900000,6484
US2.AAPL,1,20170301,10:02:00,138.2000000,138.3500000,138.1700000,138.3200000,9367
US2.AAPL,1,20170301,10:03:00,138.3200000,138.4300000,138.3100000,138.4000000,11318
US2.AAPL,1,20170301,10:04:00,138.4100000,138.4100000,138.3400000,138.3800000,3867
US2.AAPL,1,20170301,10:05:00,138.3800000,138.4000000,138.3500000,138.3900000,3978
US2.AAPL,1,20170301,10:06:00,138.3900000,138.4300000,138.3800000,138.3800000,5264
US2.AAPL,1,20170301,10:07:00,138.3900000,138.4700000,138.3800000,138.4700000,6881
US2.AAPL,1,20170301,10:08:00,138.4700000,138.5000000,138.4700000,138.4900000,3750
US2.AAPL,1,20170301,10:09:00,138.4850000,138.4900000,138.3700000,138.3700000,6400
US2.AAPL,1,20170301,10:10:00,138.3400000,138.4100000,138.3300000,138.4100000,3969
US2.AAPL,1,20170301,10:11:00,138.4200000,138.4400000,138.4200000,138.4200000,3571
US2.AAPL,1,20170301,10:12:00,138.4300000,138.4300000,138.3600000,138.4200000,6883
US2.AAPL,1,20170301,10:13:00,138.4300000,138.4500000,138.4300000,138.4500000,2136
US2.AAPL,1,20170301,10:14:00,138.4400000,138.4400000,138.4200000,138.4200000,9394
US2.AAPL,1,20170301,10:15:00,138.4200000,138.4500000,138.3900000,138.4100000,10630
US2.AAPL,1,20170301,10:16:00,138.4000000,138.4100000,138.3600000,138.4000000,12728
US2.AAPL,1,20170301,10:17:00,138.3900000,138.4100000,138.3600000,138.3700000,3705
US2.AAPL,1,20170301,10:18:00,138.3600000,138.3700000,138.3600000,138.3650000,700
US2.AAPL,1,20170301,10:19:00,138.3600000,138.3600000,138.3250000,138.3300000,4246
US2.AAPL,1,20170301,10:20:00,138.3250000,138.3250000,138.2800000,138.3100000,6649
US2.AAPL,1,20170301,10:21:00,138.3150000,138.4200000,138.3000000,138.4100000,5918
US2.AAPL,1,20170301,10:22:00,138.4100000,138.4400000,138.4100000,138.4400000,2215
US2.AAPL,1,20170301,10:23:00,138.4250000,138.4800000,138.3950000,138.4800000,4339
US2.AAPL,1,20170301,10:24:00,138.4750000,138.4900000,138.4750000,138.4900000,2173
US2.AAPL,1,20170301,10:25:00,138.4900000,138.5000000,138.4400000,138.4600000,7374
US2.AAPL,1,20170301,10:26:00,138.4600000,138.4700000,138.4200000,138.4400000,6962
US2.AAPL,1,20170301,10:27:00,138.4400000,138.4600000,138.4400000,138.4600000,3801
US2.AAPL,1,20170301,10:28:00,138.4600000,138.4700000,138.4550000,138.4650000,1831
US2.AAPL,1,20170301,10:29:00,138.4700000,138.5200000,138.4700000,138.4900000,21138
US2.AAPL,1,20170301,10:30:00,138.4900000,138.5600000,138.4900000,138.5400000,7742
US2.AAPL,1,20170301,10:31:00,138.5400000,138.5400000,138.4800000,138.4950000,4246
US2.AAPL,1,20170301,10:32:00,138.5100000,138.5800000,138.5100000,138.5800000,3616
US2.AAPL,1,20170301,10:33:00,138.5750000,138.5800000,138.5750000,138.5800000,1935
US2.AAPL,1,20170301,10:34:00,138.5900000,138.6000000,138.5600000,138.5600000,6301
US2.AAPL,1,20170301,10:35:00,138.5550000,138.5550000,138.4400000,138.4400000,10415
US2.AAPL,1,20170301,10:36:00,138.4600000,138.4850000,138.4600000,138.4600000,6200
US2.AAPL,1,20170301,10:37:00,138.4600000,138.4700000,138.4400000,138.4400000,4236
US2.AAPL,1,20170301,10:38:00,138.4400000,138.5300000,138.4350000,138.5300000,3374
US2.AAPL,1,20170301,10:39:00,138.5400000,138.5400000,138.4750000,138.4750000,2811
US2.AAPL,1,20170301,10:40:00,138.4800000,138.4800000,138.4450000,138.4600000,3432
US2.AAPL,1,20170301,10:41:00,138.4700000,138.4900000,138.4700000,138.4700000,3736
US2.AAPL,1,20170301,10:42:00,138.4700000,138.5650000,138.4700000,138.5600000,9127
US2.AAPL,1,20170301,10:43:00,138.5700000,138.5800000,138.5700000,138.5750000,3067
US2.AAPL,1,20170301,10:44:00,138.5750000,138.5750000,138.5450000,138.5700000,3384
US2.AAPL,1,20170301,10:45:00,138.5700000,138.6900000,138.5700000,138.6400000,11527
US2.AAPL,1,20170301,10:46:00,138.6400000,138.7100000,138.6400000,138.7100000,8009
US2.AAPL,1,20170301,10:47:00,138.7000000,138.7500000,138.6850000,138.7500000,5353
US2.AAPL,1,20170301,10:48:00,138.7500000,138.7500000,138.7200000,138.7350000,2047
US2.AAPL,1,20170301,10:49:00,138.7450000,138.7800000,138.7450000,138.7650000,4239
US2.AAPL,1,20170301,10:50:00,138.7700000,138.7800000,138.7300000,138.7700000,5413
US2.AAPL,1,20170301,10:51:00,138.7700000,138.8000000,138.7600000,138.7600000,5812
US2.AAPL,1,20170301,10:52:00,138.7700000,138.8400000,138.7700000,138.8400000,3620
US2.AAPL,1,20170301,10:53:00,138.8500000,138.8500000,138.8300000,138.8400000,5788
US2.AAPL,1,20170301,10:54:00,138.8300000,138.8800000,138.8000000,138.8800000,4325
US2.AAPL,1,20170301,10:55:00,138.8800000,138.9200000,138.8600000,138.8700000,5500
US2.AAPL,1,20170301,10:56:00,138.8650000,138.9900000,138.8650000,138.9900000,12009
US2.AAPL,1,20170301,10:57:00,138.9700000,139.0100000,138.9300000,138.9300000,8300
US2.AAPL,1,20170301,10:58:00,138.9300000,138.9300000,138.8800000,138.8900000,3023
US2.AAPL,1,20170301,10:59:00,138.8700000,138.8900000,138.8300000,138.8900000,4164
US2.AAPL,1,20170301,11:00:00,138.8900000,138.9500000,138.8800000,138.9300000,7018
US2.AAPL,1,20170301,11:01:00,138.9000000,138.9500000,138.8800000,138.8900000,2567
US2.AAPL,1,20170301,11:02:00,138.8900000,138.9900000,138.8800000,138.9500000,6329
US2.AAPL,1,20170301,11:03:00,138.9600000,139.0150000,138.9600000,139.0100000,6029
US2.AAPL,1,20170301,11:04:00,139.0200000,139.0400000,139.0100000,139.0300000,4300
US2.AAPL,1,20170301,11:05:00,139.0400000,139.0500000,138.9800000,139.0500000,4300
US2.AAPL,1,20170301,11:06:00,139.0600000,139.1500000,139.0600000,139.1400000,8221
US2.AAPL,1,20170301,11:07:00,139.1350000,139.2100000,139.1200000,139.2100000,6892
US2.AAPL,1,20170301,11:08:00,139.1900000,139.2600000,139.1700000,139.2600000,7001
US2.AAPL,1,20170301,11:09:00,139.2650000,139.3600000,139.2600000,139.2800000,9650
US2.AAPL,1,20170301,11:10:00,139.2700000,139.3000000,139.2600000,139.3000000,5858
US2.AAPL,1,20170301,11:11:00,139.3200000,139.3500000,139.3200000,139.3300000,5900
US2.AAPL,1,20170301,11:12:00,139.3200000,139.3900000,139.3200000,139.3400000,14613
US2.AAPL,1,20170301,11:13:00,139.3300000,139.3300000,139.2800000,139.2800000,3800
US2.AAPL,1,20170301,11:14:00,139.2900000,139.2900000,139.2100000,139.2300000,3899
US2.AAPL,1,20170301,11:15:00,139.2400000,139.2500000,139.2200000,139.2400000,3701
US2.AAPL,1,20170301,11:16:00,139.2400000,139.2400000,139.2200000,139.2300000,2408
US2.AAPL,1,20170301,11:17:00,139.2500000,139.3100000,139.2500000,139.3000000,7100
US2.AAPL,1,20170301,11:18:00,139.3000000,139.3700000,139.2950000,139.3300000,6503
US2.AAPL,1,20170301,11:19:00,139.3300000,139.4400000,139.3100000,139.4150000,53818
US2.AAPL,1,20170301,11:20:00,139.4200000,139.4300000,139.3700000,139.4200000,10349
US2.AAPL,1,20170301,11:21:00,139.4200000,139.4200000,139.3700000,139.4200000,5100
US2.AAPL,1,20170301,11:22:00,139.4200000,139.4300000,139.3900000,139.4300000,4083
US2.AAPL,1,20170301,11:23:00,139.4300000,139.4400000,139.4100000,139.4100000,2700
US2.AAPL,1,20170301,11:24:00,139.4000000,139.4400000,139.3950000,139.4200000,5118
US2.AAPL,1,20170301,11:25:00,139.4300000,139.5500000,139.4300000,139.5500000,13933
US2.AAPL,1,20170301,11:26:00,139.5600000,139.6400000,139.5600000,139.6300000,7648
US2.AAPL,1,20170301,11:27:00,139.6400000,139.6600000,139.6100000,139.6200000,4237
US2.AAPL,1,20170301,11:28:00,139.6100000,139.6300000,139.6100000,139.6100000,3499
US2.AAPL,1,20170301,11:29:00,139.6100000,139.6400000,139.6000000,139.6400000,2845
US2.AAPL,1,20170301,11:30:00,139.6600000,139.7000000,139.6500000,139.6700000,5293
US2.AAPL,1,20170301,11:31:00,139.6800000,139.7300000,139.6700000,139.6800000,4923
US2.AAPL,1,20170301,11:32:00,139.6900000,139.7300000,139.6800000,139.7200000,3650
US2.AAPL,1,20170301,11:33:00,139.7300000,139.7400000,139.7100000,139.7300000,4449
US2.AAPL,1,20170301,11:34:00,139.7350000,139.7400000,139.6900000,139.7300000,8006
US2.AAPL,1,20170301,11:35:00,139.7300000,139.7300000,139.7100000,139.7100000,3100
US2.AAPL,1,20170301,11:36:00,139.7200000,139.7300000,139.6500000,139.6800000,4801
US2.AAPL,1,20170301,11:37:00,139.6700000,139.6800000,139.6400000,139.6600000,3521
US2.AAPL,1,20170301,11:38:00,139.6700000,139.6700000,139.5550000,139.6000000,7410
US2.AAPL,1,20170301,11:39:00,139.5900000,139.6400000,139.5900000,139.6000000,5900
US2.AAPL,1,20170301,11:40:00,139.6000000,139.6200000,139.5700000,139.6100000,3484
US2.AAPL,1,20170301,11:41:00,139.6000000,139.6100000,139.5700000,139.6100000,3700
US2.AAPL,1,20170301,11:42:00,139.6100000,139.6100000,139.5400000,139.5600000,5386
US2.AAPL,1,20170301,11:43:00,139.5700000,139.5750000,139.5400000,139.5500000,5289
US2.AAPL,1,20170301,11:44:00,139.5500000,139.5700000,139.5300000,139.5700000,3925
US2.AAPL,1,20170301,11:45:00,139.5700000,139.5800000,139.5600000,139.5600000,3488
US2.AAPL,1,20170301,11:46:00,139.5600000,139.5600000,139.5300000,139.5600000,3100
US2.AAPL,1,20170301,11:47:00,139.5600000,139.5600000,139.5250000,139.5400000,2725
US2.AAPL,1,20170301,11:48:00,139.5500000,139.5600000,139.5300000,139.5300000,2400
US2.AAPL,1,20170301,11:49:00,139.5300000,139.5600000,139.5300000,139.5600000,3900
US2.AAPL,1,20170301,11:50:00,139.5700000,139.6200000,139.5700000,139.5900000,4131
US2.AAPL,1,20170301,11:51:00,139.5900000,139.6300000,139.5900000,139.6200000,3101
US2.AAPL,1,20170301,11:52:00,139.6200000,139.6300000,139.6000000,139.6300000,1600
US2.AAPL,1,20170301,11:53:00,139.6300000,139.6300000,139.6300000,139.6300000,300
US2.AAPL,1,20170301,11:54:00,139.6300000,139.6900000,139.6300000,139.6500000,5100
US2.AAPL,1,20170301,11:55:00,139.6400000,139.6600000,139.6400000,139.6500000,3700
US2.AAPL,1,20170301,11:56:00,139.6500000,139.6700000,139.6400000,139.6600000,3807
US2.AAPL,1,20170301,11:57:00,139.6700000,139.6800000,139.6600000,139.6800000,2396
US2.AAPL,1,20170301,11:58:00,139.6900000,139.6900000,139.6700000,139.6700000,4100
US2.AAPL,1,20170301,11:59:00,139.6900000,139.7100000,139.6900000,139.7000000,2347
US2.AAPL,1,20170301,12:00:00,139.6900000,139.7000000,139.6700000,139.6700000,1990
US2.AAPL,1,20170301,12:01:00,139.6800000,139.6800000,139.6700000,139.6700000,4501
US2.AAPL,1,20170301,12:02:00,139.6600000,139.7000000,139.6600000,139.7000000,2500
US2.AAPL,1,20170301,12:03:00,139.7000000,139.7400000,139.7000000,139.7400000,3280
US2.AAPL,1,20170301,12:04:00,139.7500000,139.7500000,139.7350000,139.7500000,2929
US2.AAPL,1,20170301,12:05:00,139.7500000,139.8900000,139.7500000,139.8700000,9372
US2.AAPL,1,20170301,12:06:00,139.8800000,139.9300000,139.8800000,139.9200000,5888
US2.AAPL,1,20170301,12:07:00,139.9200000,139.9200000,139.8700000,139.8800000,6286
US2.AAPL,1,20170301,12:08:00,139.8800000,139.8850000,139.8300000,139.8300000,3613
US2.AAPL,1,20170301,12:09:00,139.8400000,139.9300000,139.8400000,139.9200000,4172
US2.AAPL,1,20170301,12:10:00,139.9100000,139.9500000,139.8800000,139.8800000,4647
US2.AAPL,1,20170301,12:11:00,139.8800000,139.9400000,139.8800000,139.9200000,3291
US2.AAPL,1,20170301,12:12:00,139.9300000,139.9650000,139.9300000,139.9650000,3713
US2.AAPL,1,20170301,12:13:00,139.9700000,139.9900000,139.9500000,139.9700000,5853
US2.AAPL,1,20170301,12:14:00,139.9600000,139.9600000,139.9400000,139.9400000,2946
US2.AAPL,1,20170301,12:15:00,139.9300000,139.9600000,139.9200000,139.9600000,3669
US2.AAPL,1,20170301,12:16:00,139.9600000,139.9800000,139.9500000,139.9700000,3065
US2.AAPL,1,20170301,12:17:00,139.9700000,139.9700000,139.8800000,139.8900000,6293
US2.AAPL,1,20170301,12:18:00,139.8900000,139.9300000,139.8800000,139.9000000,4198
US2.AAPL,1,20170301,12:19:00,139.9000000,139.9100000,139.8400000,139.8500000,5103
US2.AAPL,1,20170301,12:20:00,139.8500000,139.8600000,139.8300000,139.8500000,4859
US2.AAPL,1,20170301,12:21:00,139.8600000,139.8600000,139.7900000,139.8000000,3213
US2.AAPL,1,20170301,12:22:00,139.8100000,139.8100000,139.7800000,139.8000000,4200
US2.AAPL,1,20170301,12:23:00,139.8000000,139.8100000,139.7300000,139.7400000,4176
US2.AAPL,1,20170301,12:24:00,139.7500000,139.8500000,139.7500000,139.8500000,8374
US2.AAPL,1,20170301,12:25:00,139.8500000,139.8500000,139.8300000,139.8500000,3974
US2.AAPL,1,20170301,12:26:00,139.8700000,139.9100000,139.8600000,139.9000000,3146
US2.AAPL,1,20170301,12:27:00,139.8900000,139.8900000,139.8400000,139.8600000,2310
US2.AAPL,1,20170301,12:28:00,139.8400000,139.8400000,139.7900000,139.8050000,2400
US2.AAPL,1,20170301,12:29:00,139.8000000,139.8100000,139.7650000,139.8000000,2300
US2.AAPL,1,20170301,12:30:00,139.8100000,139.8100000,139.7800000,139.7900000,900
US2.AAPL,1,20170301,12:31:00,139.7800000,139.8200000,139.7750000,139.8100000,6318
US2.AAPL,1,20170301,12:32:00,139.8100000,139.8300000,139.8100000,139.8300000,1025
US2.AAPL,1,20170301,12:33:00,139.8400000,139.8700000,139.8300000,139.8550000,4509
US2.AAPL,1,20170301,12:34:00,139.8550000,139.8550000,139.8150000,139.8200000,2834
US2.AAPL,1,20170301,12:35:00,139.8200000,139.8300000,139.7900000,139.7900000,3378
US2.AAPL,1,20170301,12:36:00,139.7900000,139.8000000,139.7900000,139.8000000,1271
US2.AAPL,1,20170301,12:37:00,139.8000000,139.8000000,139.7800000,139.7900000,2400
US2.AAPL,1,20170301,12:38:00,139.7900000,139.8400000,139.7900000,139.8400000,3144
US2.AAPL,1,20170301,12:39:00,139.8400000,139.8700000,139.8400000,139.8600000,2300
US2.AAPL,1,20170301,12:40:00,139.8650000,139.8650000,139.8400000,139.8400000,3013
US2.AAPL,1,20170301,12:41:00,139.8400000,139.8500000,139.8300000,139.8300000,2084
US2.AAPL,1,20170301,12:42:00,139.8400000,139.8500000,139.8400000,139.8500000,1067
US2.AAPL,1,20170301,12:43:00,139.8500000,139.9000000,139.8300000,139.8700000,5228
US2.AAPL,1,20170301,12:44:00,139.8600000,139.9050000,139.8600000,139.8950000,2300
US2.AAPL,1,20170301,12:45:00,139.8900000,139.8900000,139.8600000,139.8700000,2000
US2.AAPL,1,20170301,12:46:00,139.8800000,139.8800000,139.8600000,139.8800000,2971
US2.AAPL,1,20170301,12:47:00,139.8900000,139.8950000,139.8800000,139.8800000,1642
US2.AAPL,1,20170301,12:48:00,139.8800000,139.8900000,139.8600000,139.8900000,2489
US2.AAPL,1,20170301,12:49:00,139.8800000,139.8900000,139.8600000,139.8700000,5062
US2.AAPL,1,20170301,12:50:00,139.8600000,139.8800000,139.8300000,139.8800000,1831
US2.AAPL,1,20170301,12:51:00,139.8700000,139.8700000,139.8600000,139.8700000,800
US2.AAPL,1,20170301,12:52:00,139.8700000,139.8700000,139.8600000,139.8600000,2520
US2.AAPL,1,20170301,12:53:00,139.8700000,139.8700000,139.8450000,139.8600000,2483
US2.AAPL,1,20170301,12:54:00,139.8650000,139.8700000,139.8650000,139.8700000,1000
US2.AAPL,1,20170301,12:55:00,139.8650000,139.8700000,139.8650000,139.8700000,536
US2.AAPL,1,20170301,12:56:00,139.8800000,139.8800000,139.8300000,139.8300000,2757
US2.AAPL,1,20170301,12:57:00,139.8300000,139.8500000,139.8200000,139.8500000,3653
US2.AAPL,1,20170301,12:58:00,139.8450000,139.8500000,139.7900000,139.8100000,5129
US2.AAPL,1,20170301,12:59:00,139.8200000,139.8200000,139.8000000,139.8000000,1651
US2.AAPL,1,20170301,13:00:00,139.7750000,139.8100000,139.7750000,139.8100000,4325
US2.AAPL,1,20170301,13:01:00,139.8000000,139.8400000,139.8000000,139.8300000,2813
US2.AAPL,1,20170301,13:02:00,139.8300000,139.8500000,139.8300000,139.8500000,3127
US2.AAPL,1,20170301,13:03:00,139.8500000,139.8600000,139.8500000,139.8500000,900
US2.AAPL,1,20170301,13:04:00,139.8500000,139.8550000,139.8400000,139.8400000,2767
US2.AAPL,1,20170301,13:05:00,139.8400000,139.8700000,139.8400000,139.8700000,2545
US2.AAPL,1,20170301,13:06:00,139.8700000,139.8700000,139.8500000,139.8500000,3391
US2.AAPL,1,20170301,13:07:00,139.8500000,139.8700000,139.8500000,139.8700000,3100
US2.AAPL,1,20170301,13:08:00,139.8650000,139.8750000,139.8600000,139.8700000,2067
US2.AAPL,1,20170301,13:09:00,139.8700000,139.8700000,139.8500000,139.8500000,2659
US2.AAPL,1,20170301,13:10:00,139.8500000,139.8600000,139.8400000,139.8500000,3311
US2.AAPL,1,20170301,13:11:00,139.8450000,139.8650000,139.8400000,139.8500000,5549
US2.AAPL,1,20170301,13:12:00,139.8400000,139.8400000,139.8300000,139.8300000,2500
US2.AAPL,1,20170301,13:13:00,139.8200000,139.8200000,139.8000000,139.8100000,3500
US2.AAPL,1,20170301,13:14:00,139.8100000,139.8300000,139.7900000,139.8200000,6087
US2.AAPL,1,20170301,13:15:00,139.8200000,139.8300000,139.8150000,139.8150000,1336
US2.AAPL,1,20170301,13:16:00,139.8100000,139.8500000,139.8100000,139.8300000,3906
US2.AAPL,1,20170301,13:17:00,139.8300000,139.8600000,139.8300000,139.8600000,3742
US2.AAPL,1,20170301,13:18:00,139.8700000,139.9000000,139.8700000,139.9000000,2300
US2.AAPL,1,20170301,13:19:00,139.9000000,139.9300000,139.8300000,139.8500000,12393
US2.AAPL,1,20170301,13:20:00,139.8500000,139.8500000,139.8450000,139.8450000,1289
US2.AAPL,1,20170301,13:21:00,139.8500000,139.8700000,139.8450000,139.8700000,1815
US2.AAPL,1,20170301,13:22:00,139.8800000,139.9000000,139.8800000,139.9000000,3248
US2.AAPL,1,20170301,13:23:00,139.9000000,139.9300000,139.9000000,139.9200000,4348
US2.AAPL,1,20170301,13:24:00,139.9300000,139.9500000,139.9300000,139.9400000,3519
US2.AAPL,1,20170301,13:25:00,139.9300000,139.9400000,139.9300000,139.9400000,3193
US2.AAPL,1,20170301,13:26:00,139.9400000,139.9600000,139.9400000,139.9600000,5036
US2.AAPL,1,20170301,13:27:00,139.9600000,139.9800000,139.9500000,139.9700000,4617
US2.AAPL,1,20170301,13:28:00,139.9600000,139.9900000,139.9600000,139.9900000,12103
US2.AAPL,1,20170301,13:29:00,139.9800000,139.9950000,139.9700000,139.9950000,6000
US2.AAPL,1,20170301,13:30:00,139.9900000,140.0700000,139.7700000,139.8300000,74856
US2.AAPL,1,20170301,13:31:00,139.8300000,139.8900000,139.8300000,139.8400000,9198
US2.AAPL,1,20170301,13:32:00,139.8500000,139.8750000,139.7350000,139.7500000,8673
US2.AAPL,1,20170301,13:33:00,139.7650000,139.8000000,139.7600000,139.8000000,2429
US2.AAPL,1,20170301,13:34:00,139.8100000,139.8100000,139.7600000,139.7600000,3800
US2.AAPL,1,20170301,13:35:00,139.7500000,139.7500000,139.7200000,139.7500000,6213
US2.AAPL,1,20170301,13:36:00,139.7600000,139.7700000,139.7200000,139.7200000,5623
US2.AAPL,1,20170301,13:37:00,139.7300000,139.7300000,139.6200000,139.6900000,11090
US2.AAPL,1,20170301,13:38:00,139.6800000,139.7200000,139.6800000,139.6900000,4036
US2.AAPL,1,20170301,13:39:00,139.7000000,139.7900000,139.6700000,139.7900000,5678
US2.AAPL,1,20170301,13:40:00,139.7800000,139.7900000,139.7300000,139.7300000,2575
US2.AAPL,1,20170301,13:41:00,139.7700000,139.8700000,139.7600000,139.8600000,6116
US2.AAPL,1,20170301,13:42:00,139.8700000,139.9200000,139.8700000,139.9150000,7200
US2.AAPL,1,20170301,13:43:00,139.9100000,139.9600000,139.8900000,139.9300000,6031
US2.AAPL,1,20170301,13:44:00,139.9300000,139.9400000,139.8900000,139.9300000,4000
US2.AAPL,1,20170301,13:45:00,139.9150000,139.9300000,139.8600000,139.8700000,3400
US2.AAPL,1,20170301,13:46:00,139.8700000,139.9000000,139.8600000,139.8700000,4617
US2.AAPL,1,20170301,13:47:00,139.8800000,139.8800000,139.8100000,139.8300000,3600
US2.AAPL,1,20170301,13:48:00,139.8300000,139.8400000,139.7700000,139.7950000,4400
US2.AAPL,1,20170301,13:49:00,139.7900000,139.7900000,139.7400000,139.7550000,7053
US2.AAPL,1,20170301,13:50:00,139.7550000,139.7700000,139.7300000,139.7300000,3600
US2.AAPL,1,20170301,13:51:00,139.7300000,139.7400000,139.7200000,139.7200000,1740
US2.AAPL,1,20170301,13:52:00,139.7300000,139.7500000,139.7300000,139.7400000,2882
US2.AAPL,1,20170301,13:53:00,139.7500000,139.7800000,139.7200000,139.7300000,3400
US2.AAPL,1,20170301,13:54:00,139.7300000,139.7300000,139.6900000,139.7000000,3300
US2.AAPL,1,20170301,13:55:00,139.7000000,139.7500000,139.7000000,139.7300000,4860
US2.AAPL,1,20170301,13:56:00,139.7400000,139.7700000,139.7300000,139.7500000,3480
US2.AAPL,1,20170301,13:57:00,139.7600000,139.7800000,139.7500000,139.7500000,3270
US2.AAPL,1,20170301,13:58:00,139.7500000,139.7800000,139.7500000,139.7500000,2936
US2.AAPL,1,20170301,13:59:00,139.7600000,139.7700000,139.7200000,139.7400000,4200
US2.AAPL,1,20170301,14:00:00,139.7500000,139.7800000,139.7500000,139.7600000,1833
US2.AAPL,1,20170301,14:01:00,139.7700000,139.7900000,139.7450000,139.7450000,2300
US2.AAPL,1,20170301,14:02:00,139.7350000,139.7600000,139.7300000,139.7300000,3141
US2.AAPL,1,20170301,14:03:00,139.7500000,139.7600000,139.7100000,139.7300000,3119
US2.AAPL,1,20170301,14:04:00,139.7300000,139.7300000,139.6900000,139.7100000,2800
US2.AAPL,1,20170301,14:05:00,139.7200000,139.7400000,139.6900000,139.7000000,4955
US2.AAPL,1,20170301,14:06:00,139.7000000,139.7300000,139.6700000,139.6900000,4513
US2.AAPL,1,20170301,14:07:00,139.6800000,139.7300000,139.6300000,139.6500000,5747
US2.AAPL,1,20170301,14:08:00,139.6500000,139.6750000,139.6300000,139.6500000,3800
US2.AAPL,1,20170301,14:09:00,139.6300000,139.6500000,139.6200000,139.6400000,4283
US2.AAPL,1,20170301,14:10:00,139.6400000,139.6400000,139.5700000,139.5800000,6300
US2.AAPL,1,20170301,14:11:00,139.5600000,139.5800000,139.5300000,139.5500000,5325
US2.AAPL,1,20170301,14:12:00,139.5300000,139.5400000,139.5300000,139.5400000,3233
US2.AAPL,1,20170301,14:13:00,139.5400000,139.5500000,139.5300000,139.5300000,2959
US2.AAPL,1,20170301,14:14:00,139.5500000,139.6500000,139.5500000,139.6500000,4632
US2.AAPL,1,20170301,14:15:00,139.6500000,139.7400000,139.6500000,139.7300000,5807
US2.AAPL,1,20170301,14:16:00,139.7000000,139.7900000,139.6800000,139.7300000,12383
US2.AAPL,1,20170301,14:17:00,139.7300000,139.7900000,139.7300000,139.7800000,2900
US2.AAPL,1,20170301,14:18:00,139.7800000,139.8700000,139.7400000,139.8400000,7851
US2.AAPL,1,20170301,14:19:00,139.8300000,139.8700000,139.8000000,139.8200000,5400
US2.AAPL,1,20170301,14:20:00,139.8600000,139.8650000,139.8000000,139.8000000,3440
US2.AAPL,1,20170301,14:21:00,139.8200000,139.8400000,139.8100000,139.8300000,4523
US2.AAPL,1,20170301,14:22:00,139.8400000,139.8600000,139.7800000,139.8100000,7704
US2.AAPL,1,20170301,14:23:00,139.8100000,139.8600000,139.8100000,139.8600000,3850
US2.AAPL,1,20170301,14:24:00,139.8700000,139.9500000,139.8700000,139.9400000,9240
US2.AAPL,1,20170301,14:25:00,139.9400000,139.9600000,139.9000000,139.9300000,5148
US2.AAPL,1,20170301,14:26:00,139.9300000,139.9300000,139.8700000,139.8700000,2858
US2.AAPL,1,20170301,14:27:00,139.8700000,139.8900000,139.8600000,139.8800000,2257
US2.AAPL,1,20170301,14:28:00,139.8700000,139.8800000,139.8400000,139.8800000,3680
US2.AAPL,1,20170301,14:29:00,139.8700000,139.9000000,139.8700000,139.8900000,2800
US2.AAPL,1,20170301,14:30:00,139.8900000,139.9000000,139.8800000,139.8900000,4327
US2.AAPL,1,20170301,14:31:00,139.8900000,139.8900000,139.8750000,139.8800000,1800
US2.AAPL,1,20170301,14:32:00,139.8900000,139.9000000,139.8800000,139.8900000,7391
US2.AAPL,1,20170301,14:33:00,139.8900000,139.9000000,139.8800000,139.8800000,3702
US2.AAPL,1,20170301,14:34:00,139.8800000,139.8900000,139.8750000,139.8750000,3100
US2.AAPL,1,20170301,14:35:00,139.8800000,139.9000000,139.8300000,139.8400000,14728
US2.AAPL,1,20170301,14:36:00,139.8400000,139.8800000,139.8200000,139.8500000,9600
US2.AAPL,1,20170301,14:37:00,139.8400000,139.8400000,139.7700000,139.8100000,9782
US2.AAPL,1,20170301,14:38:00,139.8100000,139.8900000,139.8100000,139.8900000,3082
US2.AAPL,1,20170301,14:39:00,139.8950000,139.9100000,139.8900000,139.9100000,2500
US2.AAPL,1,20170301,14:40:00,139.9200000,139.9800000,139.9100000,139.9800000,11905
US2.AAPL,1,20170301,14:41:00,139.9800000,139.9800000,139.9500000,139.9500000,3737
US2.AAPL,1,20170301,14:42:00,139.9600000,139.9750000,139.9500000,139.9750000,3000
US2.AAPL,1,20170301,14:43:00,139.9700000,139.9700000,139.9600000,139.9600000,2243
US2.AAPL,1,20170301,14:44:00,139.9650000,139.9800000,139.9650000,139.9800000,974
US2.AAPL,1,20170301,14:45:00,139.9700000,139.9900000,139.9600000,139.9900000,3047
US2.AAPL,1,20170301,14:46:00,139.9900000,140.0000000,139.9900000,140.0000000,1200
US2.AAPL,1,20170301,14:47:00,140.0000000,140.0000000,139.9900000,140.0000000,6648
US2.AAPL,1,20170301,14:48:00,139.9950000,139.9950000,139.9500000,139.9500000,6793
US2.AAPL,1,20170301,14:49:00,139.9600000,140.0400000,139.9600000,140.0400000,8819
US2.AAPL,1,20170301,14:50:00,140.0400000,140.1000000,140.0400000,140.0900000,7604
US2.AAPL,1,20170301,14:51:00,140.0900000,140.1300000,140.0500000,140.0850000,8517
US2.AAPL,1,20170301,14:52:00,140.0850000,140.0900000,140.0200000,140.0200000,4904
US2.AAPL,1,20170301,14:53:00,140.0200000,140.0850000,140.0100000,140.0850000,5049
US2.AAPL,1,20170301,14:54:00,140.1000000,140.1200000,140.1000000,140.1200000,3150
US2.AAPL,1,20170301,14:55:00,140.1100000,140.1200000,140.0900000,140.1000000,4107
US2.AAPL,1,20170301,14:56:00,140.1000000,140.1200000,140.1000000,140.1200000,6609
US2.AAPL,1,20170301,14:57:00,140.1200000,140.1300000,140.1100000,140.1100000,4483
US2.AAPL,1,20170301,14:58:00,140.1050000,140.1400000,140.1050000,140.1400000,4114
US2.AAPL,1,20170301,14:59:00,140.1450000,140.1450000,140.0700000,140.0700000,3948
US2.AAPL,1,20170301,15:00:00,140.0700000,140.1000000,140.0700000,140.1000000,3300
US2.AAPL,1,20170301,15:01:00,140.0900000,140.0900000,140.0600000,140.0600000,2265
US2.AAPL,1,20170301,15:02:00,140.0600000,140.0600000,140.0400000,140.0400000,1425
US2.AAPL,1,20170301,15:03:00,140.0500000,140.0550000,139.9800000,139.9800000,6057
US2.AAPL,1,20170301,15:04:00,139.9700000,139.9800000,139.9150000,139.9700000,6371
US2.AAPL,1,20170301,15:05:00,139.9700000,139.9800000,139.9500000,139.9800000,4685
US2.AAPL,1,20170301,15:06:00,139.9800000,140.0200000,139.9750000,140.0000000,3909
US2.AAPL,1,20170301,15:07:00,139.9900000,139.9900000,139.9300000,139.9800000,5144
US2.AAPL,1,20170301,15:08:00,139.9800000,139.9800000,139.9600000,139.9700000,2900
US2.AAPL,1,20170301,15:09:00,139.9600000,139.9900000,139.9500000,139.9500000,5800
US2.AAPL,1,20170301,15:10:00,139.9500000,139.9600000,139.9200000,139.9200000,3904
US2.AAPL,1,20170301,15:11:00,139.9250000,139.9600000,139.9100000,139.9300000,8119
US2.AAPL,1,20170301,15:12:00,139.9600000,139.9800000,139.9500000,139.9700000,4698
US2.AAPL,1,20170301,15:13:00,139.9600000,139.9700000,139.9550000,139.9700000,3042
US2.AAPL,1,20170301,15:14:00,139.9600000,139.9800000,139.9500000,139.9600000,4208
US2.AAPL,1,20170301,15:15:00,139.9600000,139.9650000,139.9200000,139.9300000,7411
US2.AAPL,1,20170301,15:16:00,139.9300000,139.9400000,139.9300000,139.9300000,3347
US2.AAPL,1,20170301,15:17:00,139.9300000,139.9300000,139.9100000,139.9200000,3738
US2.AAPL,1,20170301,15:18:00,139.9100000,139.9300000,139.9100000,139.9100000,5200
US2.AAPL,1,20170301,15:19:00,139.9200000,139.9400000,139.9100000,139.9200000,4805
US2.AAPL,1,20170301,15:20:00,139.9400000,139.9800000,139.9400000,139.9800000,2728
US2.AAPL,1,20170301,15:21:00,139.9850000,140.0000000,139.9800000,140.0000000,4896
US2.AAPL,1,20170301,15:22:00,139.9900000,139.9900000,139.9850000,139.9850000,2604
US2.AAPL,1,20170301,15:23:00,139.9800000,139.9900000,139.9700000,139.9700000,3116
US2.AAPL,1,20170301,15:24:00,139.9800000,139.9800000,139.9700000,139.9800000,3830
US2.AAPL,1,20170301,15:25:00,139.9900000,140.0100000,139.9900000,140.0000000,9891
US2.AAPL,1,20170301,15:26:00,140.0000000,140.0000000,139.9500000,139.9500000,6144
US2.AAPL,1,20170301,15:27:00,139.9500000,139.9700000,139.9200000,139.9700000,5924
US2.AAPL,1,20170301,15:28:00,139.9700000,139.9700000,139.9400000,139.9600000,4252
US2.AAPL,1,20170301,15:29:00,139.9500000,139.9600000,139.9500000,139.9600000,907
US2.AAPL,1,20170301,15:30:00,139.9500000,139.9800000,139.9500000,139.9800000,4580
US2.AAPL,1,20170301,15:31:00,139.9700000,139.9800000,139.9700000,139.9700000,3120
US2.AAPL,1,20170301,15:32:00,139.9700000,139.9700000,139.9500000,139.9600000,2622
US2.AAPL,1,20170301,15:33:00,139.9500000,139.9500000,139.8650000,139.8700000,10683
US2.AAPL,1,20170301,15:34:00,139.8700000,139.8700000,139.8500000,139.8700000,8382
US2.AAPL,1,20170301,15:35:00,139.8700000,139.8700000,139.8500000,139.8600000,2600
US2.AAPL,1,20170301,15:36:00,139.8700000,139.8900000,139.8600000,139.8900000,3603
US2.AAPL,1,20170301,15:37:00,139.9100000,139.9250000,139.9000000,139.9200000,6235
US2.AAPL,1,20170301,15:38:00,139.9150000,139.9200000,139.9050000,139.9100000,3762
US2.AAPL,1,20170301,15:39:00,139.9100000,139.9100000,139.8800000,139.8850000,3499
US2.AAPL,1,20170301,15:40:00,139.8850000,139.9200000,139.8850000,139.9200000,2432
US2.AAPL,1,20170301,15:41:00,139.9150000,139.9500000,139.9000000,139.9400000,12590
US2.AAPL,1,20170301,15:42:00,139.9400000,139.9600000,139.9250000,139.9300000,2597
US2.AAPL,1,20170301,15:43:00,139.9300000,139.9600000,139.9300000,139.9600000,4095
US2.AAPL,1,20170301,15:44:00,139.9500000,139.9900000,139.9500000,139.9850000,8368
US2.AAPL,1,20170301,15:45:00,139.9850000,139.9900000,139.9850000,139.9900000,2695
US2.AAPL,1,20170301,15:46:00,139.9900000,140.0000000,139.9800000,139.9900000,4516
US2.AAPL,1,20170301,15:47:00,139.9950000,140.0200000,139.9900000,140.0200000,11844
US2.AAPL,1,20170301,15:48:00,140.0300000,140.0600000,140.0300000,140.0300000,9819
US2.AAPL,1,20170301,15:49:00,140.0200000,140.0700000,140.0200000,140.0600000,3767
US2.AAPL,1,20170301,15:50:00,140.0700000,140.0800000,140.0600000,140.0800000,4601
US2.AAPL,1,20170301,15:51:00,140.0750000,140.0950000,140.0300000,140.0400000,9129
US2.AAPL,1,20170301,15:52:00,140.0350000,140.0400000,139.9750000,139.9750000,4350
US2.AAPL,1,20170301,15:53:00,139.9700000,139.9700000,139.9050000,139.9200000,8020
US2.AAPL,1,20170301,15:54:00,139.9200000,139.9200000,139.9000000,139.9100000,7588
US2.AAPL,1,20170301,15:55:00,139.9100000,139.9450000,139.9100000,139.9200000,13189
US2.AAPL,1,20170301,15:56:00,139.9200000,139.9200000,139.8500000,139.8700000,22419
US2.AAPL,1,20170301,15:57:00,139.8600000,139.9050000,139.8600000,139.8700000,9060
US2.AAPL,1,20170301,15:58:00,139.8700000,139.8750000,139.8100000,139.8700000,16409
US2.AAPL,1,20170301,15:59:00,139.8600000,139.9150000,139.8400000,139.8400000,9990
US2.AAPL,1,20170301,16:00:00,139.8300000,139.8300000,139.7400000,139.7600000,16577
